"as","mn","pb","age","iq","edu","smoke"
1.98351370892119,11.6545083151744,-0.797918532957568,21.5602999435024,17.0801254378979,0,0
2.00905229338658,11.6928742536664,5.79231605036553,20.7664652390446,19.2828827603414,0,0
2.99113927332372,11.9871923290391,6.32022020645453,25.5098876108722,25.7882767253321,0,0
7.30051517796315,13.0942079809121,7.24484217802633,22.4733760559812,20.7365986150235,0,1
5.88979236805715,12.6212451426838,3.38297269448072,28.175745690568,19.202108658753,0,0
-3.91367148798406,6.96853648392219,-2.00525658341489,26.1385345968173,29.1408266445694,1,1
1.34357830397532,4.93928179603407,6.6106163206055,24.705890849067,27.1056352496039,0,0
-5.31230245248446,5.46436371230881,-6.07300571456937,20.3927191157046,23.8491570063219,0,0
0.0319615202551129,8.08741755739143,-1.76579210431211,21.5123427619043,20.609173281903,0,1
10.4150401683188,15.1140093005768,5.49965191672213,19.6670502612596,25.0853674421601,1,1
-1.14881054354272,11.3810707549375,4.71367213603144,15.9844630093095,22.3854326482471,1,1
3.2364107676055,11.3410528785574,1.57800401765058,24.5235865430646,30.2698068519907,1,0
2.60050439516612,9.06160298695136,-1.92755495202805,24.0142702650229,24.9617839081181,1,0
4.37816814746564,5.41170575664421,-0.881014032395637,21.4040163326083,38.2911472000779,0,0
-2.70020626011129,5.17917690589942,3.11691960959309,26.4302874109647,31.5396253518802,0,0
1.7864780523544,14.3697704698041,3.25516151579167,21.8344019369166,31.2321539865764,0,0
-2.38671611323789,2.83473462589231,-1.74258665156629,28.3160357141198,19.9001735050076,0,0
-1.56172129144164,10.4692268945023,6.63068747308417,22.5758466829049,24.7728874688353,0,0
-0.311627666836909,6.07228243658477,1.06381948233997,20.5659632383667,10.7723816184679,0,0
3.97884296023325,8.06526619085995,2.19037542769086,22.6225305176515,21.5315518484489,0,0
0.201722829964374,14.2606922218034,5.73241956223407,24.860899796012,17.1028144908687,1,0
-1.05247268756531,9.00139401643451,3.4279706892126,24.6813575381358,26.2487516869176,0,0
1.36259029263153,14.2300141920064,8.73814284945403,19.8805459323913,31.0951175005895,1,0
-4.05953679689211,1.77965050875349,-2.07357789180633,21.6489697365135,27.2728240141402,0,0
-5.54609926897318,1.62925844173969,-2.45342826499169,18.2409241506468,29.0247591029595,0,0
6.5396660576956,9.92665409224626,-0.866161134455937,23.7938922130499,31.2934903692449,0,1
1.64683841113186,12.678098231527,5.44983348175189,31.6339445335373,32.8590563773422,0,0
-1.09003994526601,9.06118584263631,1.30876851823707,23.1974200217035,26.9661923050017,0,0
-2.35580316983754,7.93052192908424,1.64073972136422,26.8329165934056,20.871715884662,1,0
-1.11400356849705,7.47452225105817,9.73183389664422,18.3497673666865,31.8430884197388,0,0
-5.17155567153537,3.78297717940012,-6.81942140611872,28.4848153461809,29.3689223677463,0,0
-0.0979011490121542,5.96977869543911,1.3228515053422,24.4403667363725,26.6311627231108,0,1
-7.63926793777732,0.755995337237101,-4.06814959039101,27.7899835752541,22.4345993750175,0,0
2.12528782954894,9.71388261642439,1.86231574368823,18.8366213891751,19.1576284970842,0,0
1.71145424031956,8.14594757660823,-1.98920108514592,24.2933884822181,29.304303842217,0,0
0.1189782848701,6.13295729393577,-1.00035084389714,24.3002851516068,26.1827483568174,0,0
7.74806300468221,12.2571797460355,5.06002394215872,25.9038494425546,21.6652697905965,1,0
6.7354602171942,10.1025428333905,3.19957078144176,23.7195752161834,16.9953789683452,1,0
8.62467721416564,13.6011006072728,6.91355405354471,25.0605754024623,20.0768654689282,0,1
7.67132905452194,6.03970062279881,4.78800269916886,20.5172548782217,29.8975385453807,0,0
-3.88989428750964,2.37177663260818,-5.75109469672551,24.852210995277,22.1223823257586,0,0
-0.293987573009186,7.19972049894926,-0.108274862085368,22.7783682729727,25.1398404427027,0,0
-1.37068188852831,9.20066823687307,0.298859432438785,15.7788258518894,35.0137651922899,0,0
-2.57264504175815,5.09065077230898,-1.66501625829663,28.2700321562113,32.2903008191674,0,0
-0.237804530738736,3.05925249696463,0.625471700660729,23.3145452745417,34.9987683920474,1,0
-5.39213078250733,1.19183044279039,2.26947753353519,17.6194718431762,26.2045041393535,1,0
5.94213789300455,18.6391400890305,4.82824885993487,19.5700403270571,21.5416749300861,0,1
3.06405431889594,7.30995017003419,-0.822845999661494,25.0580007582787,19.6854553790237,0,0
1.49205747491354,7.75965194704538,-1.02816588120652,18.9488760210672,33.157348380035,0,0
3.75472131033117,10.0305679291445,1.25012039374324,28.3124329393069,22.0267375115131,1,0
7.06912218810125,8.88463266401038,2.94343062759046,18.8601971470289,20.9933105270925,0,0
2.39312375248946,8.47041385854638,7.45544900203959,23.9208864790896,30.7672971816969,0,1
1.74043121941588,4.9846803088568,1.69888360731995,27.9105694138957,29.7876988793008,1,0
3.29385987399335,11.0696872069039,3.62052926228241,15.4586928096088,29.7560318594716,0,0
4.04135601172056,5.13208284025584,-0.402427224517521,19.2443391505874,17.9815545742771,1,0
-2.28407981307664,9.58497420558823,6.6431726396838,19.4192800901378,19.505684967165,0,0
6.79113514718521,14.7170211380891,11.3186253378775,17.7992175419564,30.289035586523,0,0
-0.491406213389628,5.25127684959171,0.311519065254808,31.356968092888,28.4512465909773,0,0
7.66937204230738,12.1903700299702,4.04436977472448,26.076270365105,23.3691446524601,0,1
-1.28948991188701,2.3967845529497,0.195364910527606,18.9530172539119,23.8587417980762,0,0
-1.14568321784933,3.51277674513457,-3.47040440781147,21.013572548923,28.1876366115175,0,0
3.0731966805574,10.125413488364,2.83833027399282,20.0947642462712,22.4096939160931,0,1
1.10940679406852,8.70581591060369,-1.81326780202359,14.720580298446,19.8238360862668,0,1
0.209880810037041,8.06271036056619,1.49896609258545,28.817851248556,24.7644075947634,0,1
-1.14344111189849,12.807137097066,7.23734751850125,27.9235123617762,25.8190683695551,0,0
3.75880554023962,9.61983796013608,2.50447685178876,20.3438290639603,26.4440464165344,1,1
-6.95586205635553,1.94678661268691,-3.53196503560557,22.6902764844029,32.4491038527344,0,1
4.62524850557447,8.02801461705241,2.94194673143685,23.8502604540682,27.2035623843511,1,0
-8.92725560438339,3.64979735377034,-2.774102412035,20.6744244728455,23.8777954975327,0,0
7.71219945986569,14.7811367905575,5.60015133385872,21.1678310546405,21.5725440614276,0,0
-5.92928879411121,3.45650281283912,1.33265164239265,16.684013452453,30.8418275107754,0,1
6.83384634881231,12.6626181931964,4.34866367754393,20.9438084122943,27.40354965999,0,0
2.31230333317313,2.82296819496394,1.26869270933491,22.3101033365585,25.235751304101,0,0
1.26620945409848,5.68940063750437,3.98710162664442,21.1031705956219,20.3460879005021,0,1
-0.837869353908113,9.48132980702735,3.16147779027068,20.2489933722197,29.507916712943,0,0
11.1046780944994,14.226714382711,7.99603575543856,26.3411505968217,24.0319298591898,0,0
-2.45214650732994,5.66816797333028,0.772991569873481,20.3303267638343,28.8801853313881,1,0
-0.0856350041816472,8.94006069001744,-0.515121342635051,15.6782537784106,32.1831596971605,0,0
4.28635665383312,5.48542455160121,1.07430890535868,32.3696757074512,30.672313715399,0,0
-1.74162031961697,4.56359576428205,0.110444405526636,21.2635411342641,25.44556454698,0,0
-1.29749838810297,12.6444607524014,6.48179655508756,22.7013264627145,25.7368881033774,0,0
-1.21838688998307,7.08826556384607,1.53690997141444,21.7113772241733,21.4830235378852,0,0
-1.55301152471394,5.69731471686278,-1.96648492909493,35.1940750067532,26.0851417190125,0,0
1.3767625433555,8.36422468530274,-0.0566018351835211,18.0231853004998,32.9387019711473,0,0
-2.85253522662598,8.05714584027436,5.93970528922421,18.4024192979076,21.4961614705223,1,1
4.40465070818647,0.646455845827703,-6.08370014844122,25.3837023503078,28.1850465075471,0,0
0.282588774045013,8.12536505874897,1.36327410335817,16.6917937380893,24.1455679752829,0,0
0.82956143978428,10.1065778093928,-1.43631398571687,20.4548617137263,21.0873643343051,0,0
6.0226249285478,10.8670875522599,-1.9524747170185,25.2785830032842,25.7677591530808,1,0
-2.68722627961503,6.45394055305748,-2.81213049648739,21.7494367111699,23.2513917270721,0,0
-2.14229651684697,6.01680624424925,-1.5119817727422,29.2596265534385,24.7209030594493,1,1
0.676193847414093,7.30665163431225,2.06681988239116,21.1464185748354,30.2878622898103,0,1
3.11372766430907,6.88444789993523,-3.36613572916106,29.1996681575715,25.9129601250827,1,0
3.62625270057259,15.6575573865647,5.84334512913924,15.3928775800464,25.5637455354126,1,0
-1.45400107818415,4.39404730182916,-1.88289589804076,23.7434578423776,32.1040470521058,0,0
-1.79626966321063,7.35431727237271,4.30029927034292,25.973727117187,21.6802020850216,0,0
4.20139649171408,8.13655964688088,4.66543989773248,21.3341446041206,29.1177625268662,0,0
6.3080175901516,10.4759259948311,4.35501479857071,26.4076398848242,27.6584842777429,0,0
2.13483058287939,6.22258098324905,-1.81913494331967,20.4979090303437,24.0431164184788,0,0
1.30811936442564,14.5045103485,6.26744939332955,24.2186980771876,36.2503088721042,0,0
0.806242767061515,11.6948973844121,1.89885611433513,22.965526839447,30.3474312777244,0,0
1.5518748464374,6.8801062648915,-0.834081519846386,21.2832529579787,18.1430645863756,0,0
0.322834199765409,7.53007446216186,3.49539408598311,19.3895924159271,23.7839233000659,0,0
-2.60940673099613,6.02844659441713,-0.190538726373977,28.3579538965797,29.5525868323878,0,0
2.48236889609109,8.94543178852404,3.67286268873892,24.7218109507244,24.641112209723,0,0
-1.16761665751858,7.02628927529465,-0.0886451558201378,23.4280318151897,19.4317371925621,0,0
7.12442994047612,12.1257368772924,6.99619433229575,20.7606331883985,27.5727595861799,0,0
0.889310023306677,8.59285682972669,1.7530833164991,23.8389335193581,23.249607480674,0,0
2.16027180148232,9.70610687363294,8.51726045694056,23.3581287188192,21.5167841637371,0,0
0.929687222571496,4.15270775733943,1.14610060527839,20.1760462649085,21.455086295867,0,1
-1.40205744325732,6.38515272451058,-1.27725085404153,21.2210648824513,16.3055741228465,0,0
-1.3600389902115,4.64297304122689,3.27234297366713,22.3140028815306,30.2709738631041,1,0
3.98646849012733,9.8071235251675,4.99304515980925,22.7821137472177,26.9270672115944,0,0
4.45770270019841,12.9411336326085,2.82814151891663,27.3030604497713,21.1604778286982,1,0
-3.66583986925979,4.86746546640847,-2.76692169979556,24.2238603080557,27.7080499923343,0,0
4.57997569844844,11.0381553763209,4.21678025162201,20.9395168513833,24.8676517899853,0,1
-0.0382033686456746,8.26383921660478,3.41479994681272,32.5819520624137,20.7238960063743,1,1
-0.324707159893048,10.4434143437719,6.64802154984275,24.8347071815152,24.0810725374689,0,1
8.1740444290919,13.9999846018089,9.10320865878161,28.5403134995913,22.232281803409,0,0
-6.78752070357925,1.50148222398791,4.14667575363984,24.4452811165081,18.1674938024811,0,0
-0.416089599251744,4.73751917569175,1.68502524051176,17.0544779294647,31.2026909883545,1,0
4.41084093172794,7.38610963521747,1.22393926961838,21.8536729798948,29.2760310059188,0,0
3.18746552101311,12.2662375758286,9.32987303155419,23.1991145269897,28.2682310501369,0,1
0.375322640138369,7.27452395950094,-1.96214025124282,26.1052944993208,26.6762914085542,1,0
5.65833052492205,12.0690205517919,7.64397543871607,29.5380080135925,31.6632913589835,1,1
-1.86206358404529,8.07625346639722,-1.59810702921548,21.6912683356132,27.2171926505101,1,1
-0.755312511249436,7.41377660399717,3.29296107436633,23.710136157814,21.9702195476645,0,1
-1.17883404600598,10.0175190300747,7.23338887874319,26.8948424352526,27.0583449454976,0,1
1.8788047179847,5.46108445182552,2.22154660595975,22.6542117639263,25.6234181518876,1,0
-0.63499769581994,7.76400089312306,-8.08767344284338,24.0128152197803,27.1205417573215,1,0
3.91681650631934,4.93352609199171,5.73509265726675,20.9431361634363,24.0169538502001,0,0
-0.848196655441777,7.09828041185046,2.63551460058874,24.0665660476412,28.1394148898779,1,0
7.95554841693939,12.0467402388445,-0.485227225012608,24.7771965989549,32.441606756568,0,1
4.24584729273365,15.2446440378321,6.55755423402424,23.2990995625983,16.3140653631597,0,1
-1.7934866937646,3.31039110958356,-1.37475177396975,22.3604897009442,25.9818919737317,0,1
-0.440508041267177,7.90537677135881,8.29519139416414,20.3990031989582,35.9640301544399,0,1
4.12218341398315,10.7517845388295,0.675386918947339,27.6395601601201,12.8028057992838,0,0
1.82469916033285,8.88643508341171,4.01478755948833,23.7794462465743,24.2919047667983,1,0
6.89980104100827,10.80677824858,7.20746650343871,23.2503123249664,21.1979855959761,0,1
3.11326551768586,5.97105469254223,-0.494772463821044,18.6340526716705,25.5098788976042,0,0
9.41406478834201,12.1264172473555,4.94121736319953,17.3450383427854,25.8865674561349,0,1
3.41265175380917,13.8249022063394,4.81210552136923,23.5820559583804,25.3418682463944,1,0
2.94280431142794,8.50680309538567,6.65364677543019,21.0168150681386,32.0028053657867,0,0
4.0871468893822,12.2671482090387,2.77544890365823,21.1273275548942,21.3726109037877,0,0
-6.26909333473425,5.59643965242994,1.4884755237783,22.9320938894164,11.1166359613673,1,0
1.168831578945,8.81661061197426,-0.77250491585634,20.6615941293714,17.1463053896136,0,0
-3.50869420491641,6.91108310582361,4.07375552523333,23.3292021772123,20.0337078844969,0,0
-0.99364221728597,4.01228435120104,-2.68019639371717,18.5367773606469,22.3332441217593,1,1
1.74148472417811,5.53646103518126,-1.51825128508395,20.9425975247806,29.5985785815332,0,1
9.28012947200512,14.4243978789165,5.82067401183332,30.2688983477514,25.8813048404765,0,1
-0.997849586918969,5.34385386184632,-1.3469605803269,30.6188988362175,24.9202163439765,0,0
-1.68257341001274,7.0680625418907,-0.46827213533591,17.6530859858302,36.1971912969777,0,0
1.95419157457599,7.88831215479934,3.6754983928595,24.9390355608454,20.3325869468276,0,1
-0.996089348632209,5.48181369911806,-1.68682314444724,22.895257368308,31.5708761050687,0,0
2.90138402372037,7.23698210295332,-3.269859966574,25.3825393327876,27.1548855405312,0,0
4.14333879309697,10.7308456223953,2.25806781018693,20.3863991786604,24.2343673741619,0,0
2.36622000513382,7.99154081681598,2.94643885218279,15.856224441953,33.6879594424728,0,0
-3.61842509105522,7.84790406561285,-4.09354176013876,19.8625643774599,29.5030395477482,0,0
2.25520023086789,8.87913062499063,4.34162974038289,19.7293581381984,27.2734142776864,0,0
5.91419435050799,15.6964676811607,6.42750293052994,17.4277777853884,24.4231844413235,1,0
-0.746734886128068,7.10598885180496,3.49684886240582,24.2817787029904,25.7610817456706,0,0
1.25650715646647,13.4649943985097,10.7601825030323,13.3248223330772,24.8161557752023,0,0
1.73380252701165,9.35110111085404,-1.45009112101616,24.3535055733942,31.6007064400437,0,0
0.402372912351769,8.13248529891707,1.5757646442113,25.8827632549742,30.3405938280298,0,0
-3.78231365779669,7.29385025952536,-0.873924131925797,27.5155492209233,24.509672834909,0,0
6.23127143977844,14.7701348875136,1.49314318637084,22.6075415005427,24.3550335591409,0,0
4.53159027996243,11.9032175979233,9.42250641725211,22.6737053998251,30.1891633083136,0,0
-1.26585436174778,6.59860089313014,2.51387514249184,19.5416299284393,20.1820024433972,0,1
-6.22363690943468,6.95985214459153,1.57847945626602,27.9249007644313,22.0790152719583,0,0
4.77791239422405,13.7259730604035,5.20188370041433,27.282929181017,30.6530469426296,0,0
7.33366315637855,14.2758814733625,5.64740528226174,18.5570133309628,25.5272128307417,0,1
-1.25662597492529,8.99708351008201,-0.176235414490554,28.1763711046237,26.4952937004794,1,1
-0.0711534606141602,8.40419256329947,5.5051100567341,20.1393158583359,28.7021559789484,0,1
-2.10756603333107,9.08100751243481,3.76271467259112,25.0589351708296,27.3858144913011,0,1
-0.501431902068068,5.74969361034896,1.10143666348211,19.6959023165132,26.0630510528254,0,0
3.65705856123832,4.47587254179583,-1.71069679832161,17.2145962096354,26.8003370509727,0,0
-7.32438089443841,4.88793933942633,-0.810472889709206,25.0382891858194,24.4198492885242,0,0
-5.8052109506393,5.60530443237088,-1.57520686422104,19.0773133123014,21.9974340517864,0,0
-4.67206239172295,4.38042334373964,-2.43535784070255,26.6397027734381,25.0616812327957,1,1
-0.463630425012864,7.41019034532708,1.63312653243282,24.1231649113925,21.0595665115785,0,0
2.68467723703225,13.0888407709917,6.35044208068856,19.482389192229,33.1861499791836,0,0
-2.66906150501289,7.57955316118086,3.53136064380627,23.6196582533001,25.2980242590672,0,0
-5.30871543561145,2.9425753662588,2.57541880798196,23.783931541283,33.8149418878607,0,0
1.61333624835867,9.45707710701977,7.96687312625894,15.0541434597991,22.8305879876373,0,0
1.8475846825924,9.70097591775293,-1.38611070711966,19.4125181563244,21.5890729017927,0,0
2.45542302227214,6.61009475550311,-0.757391058857758,24.098798702027,24.6571893617003,1,0
-0.556895113476656,12.4211614438344,6.79791376142181,18.9788114736351,30.1048472879278,0,0
3.09974710189206,13.0179819849025,-0.350730540319123,22.4731404374911,28.3606861646556,0,0
3.92582364367916,13.531314077088,2.35059080545802,16.9657635382584,29.3496142136723,1,0
-4.21538573746324,6.56203124371067,2.00454251421803,25.0126921032602,34.7281985044457,0,0
7.3442331193479,12.5886083490029,4.3408517386996,24.2790787015642,34.4037453024949,1,0
2.35787097033853,14.8404188132758,5.08076925720847,30.3737060493043,40.052261361252,0,0
7.15847341870589,12.4305538398409,6.60705522042159,20.430198481999,22.5354300681226,1,0
-1.32614986591455,4.9409512583139,-1.15769844123983,16.32440576842,19.3273513605818,1,0
-0.37967216942208,3.52082188814149,-0.339552803801018,27.6736081762924,22.6600473657071,0,0
0.974553734990181,9.16094803338965,2.28895836778236,24.7259875740108,31.3529932680396,1,0
1.32783187355078,7.84501811049288,-0.507496211471343,21.7235287179614,26.5979350653013,0,1
2.89439058182816,8.83311356319161,4.85127432414714,25.6569120676828,23.8961560552784,0,0
1.84213540357901,9.66707962770794,4.65691659179432,20.1665687276975,26.1646462954297,0,0
0.169109270418924,6.80805453066662,0.649050829831461,29.7467903617633,25.0391301815381,0,0
9.8064291578093,12.6462953221253,7.43669799492003,15.8109764529618,22.9437319442709,0,0
3.07776959408457,12.96259704274,3.43345847729161,18.888155477888,15.4331693256158,1,0
5.22630325077693,14.7797563378395,3.50554777986951,20.1781599400373,22.2495211650671,1,0
0.870216017100499,7.04345129917245,4.68757437107276,23.9963435833128,29.6370008319218,1,0
-4.61982599302885,6.92034119764409,3.93939062470536,17.7772853706618,26.4900543540579,0,1
-2.23515202080226,5.47256202721615,-2.88818388418354,16.3892069036516,32.9290109471709,0,0
3.16940234941299,5.54707770320785,2.02961323067174,26.1552402653326,27.788201501767,0,0
2.84989629332311,13.0415019689196,5.66535755429205,30.2840775733935,28.3640477446113,0,0
-3.48087012362296,8.81949807112914,-0.223009134360338,28.8555917230311,28.5702756995318,0,0
0.457152793521899,11.3287274090925,2.10879960630842,17.5695940555289,21.4452454545326,0,0
-3.15654900936265,10.2888168289309,8.61786830243905,17.5754124766625,22.6961915919388,0,0
2.85115219058668,12.155335004986,5.46406600121033,26.1504824413343,22.9192178260373,1,1
2.45468241116306,8.88955187231392,0.50118989258863,22.3464625246821,22.5687346422803,0,0
5.48861185281639,7.48237114235567,3.51637013315166,23.8288484901568,23.2441528090605,0,0
1.12608404988581,9.89352600745435,6.28754945378242,23.7979484720718,25.704979105559,0,0
-3.88642594662136,7.54797586534998,0.83048938440387,27.4905538079568,23.8468466884007,0,0
3.41905745569844,15.6678298936191,3.13404708743468,21.0311217612517,27.6927231233582,0,0
2.869723901686,10.4747430940019,7.21698020706441,31.8200517284602,18.8583533764167,0,0
0.879282970921412,3.60568080516576,-4.00032557178746,20.784742243452,20.8155327845217,0,1
3.41649895862949,12.584130131548,9.61342876680796,28.7362720616558,16.1799885223172,0,0
1.73643960907276,9.29297253991423,6.22455965173937,25.7038736211776,31.2981888303063,0,0
-2.82812235824338,8.54148619387445,3.26693706319688,21.0629064754312,23.7002602024654,0,0
2.87785942673263,9.31266424866013,7.03175703381264,20.1984530207311,30.4523776444765,0,0
-0.533675527250697,7.60859901443428,0.984125485328046,21.6060592447143,21.898852860185,0,1
2.83771619124061,8.02833876113096,2.77836649298405,23.8333742115868,27.6901237951816,0,0
2.35664125608622,13.145442219694,4.17684808077146,19.6724396725121,34.4433137265826,1,0
-2.10435753857702,7.31966404570888,-3.16628877191516,20.421095244404,24.2298396759143,0,0
3.63386433821537,11.508734978787,2.99541054312957,17.2143415197927,25.6747093582946,0,0
3.15470745834567,7.43865913489479,0.691016674563773,20.3654674231095,29.5173335585005,0,0
-4.11322393356628,5.72481692988115,1.18160348959188,30.1531252441448,26.2846669789274,0,0
1.86052481867905,12.7904887614233,6.05203528232098,24.1773219464996,34.6529345957881,0,0
3.90427464313211,9.06564719709642,3.92756279102676,31.6291176923678,24.3519813378908,0,0
1.18926269931334,9.79852590039368,1.00171357539753,20.3450303475207,26.5323919769214,0,0
2.11053425192987,9.95739673203908,5.93136494548901,27.5614265731834,27.6282295928395,0,0
1.57291109206828,6.07365821868179,1.84022754490593,28.2763919876202,26.6513872385593,1,1
4.24220136610718,12.7985624040403,0.797519066036648,28.0723204819731,31.5186061599275,0,0
-3.39562529772518,9.89883490218214,2.729615917775,14.1146511907859,30.6060082836764,0,0
4.04433421948564,9.86517493114101,8.06818800238453,20.901960242888,29.6454028588144,0,0
2.33141214195875,4.25191658011935,3.39360063059063,17.1636678370054,27.12538539209,0,0
-2.68781828726929,4.20575705286168,0.44360996813829,22.7505912155764,16.671433004364,0,1
8.44912270124506,8.32924937918252,0.0876719242618025,16.2748550411108,36.0883067855717,0,1
0.890393649395425,10.3926069727064,2.38598640996839,18.6153593186015,30.3280245278251,1,0
0.0872189761408251,10.594597136055,2.5263986737707,23.7624815022325,30.0157526901378,0,0
3.81258720682455,10.2856997062914,3.71191058072997,19.4311148906712,22.2313830630422,0,1
2.21241642872861,8.1808280459397,-2.52111879719357,23.4034119040864,22.2472314731435,1,0
5.04102990432574,10.7893768947035,5.78486058079095,24.1163198327089,27.986513537986,1,1
3.65838630148768,12.8085647904566,3.11386437688098,18.8614837601566,27.1008268543553,0,0
1.63823038300516,2.4366081944769,-3.44139132704642,17.9206141069511,28.7386018840733,1,0
2.93775773435249,9.21282977877543,0.4974776751334,24.0342777337711,26.631255250571,0,0
3.517319224732,9.78941982508076,3.04601898081005,21.7825105199955,25.1613327826341,0,0
4.84923255536899,13.9960593518252,7.75486238567403,28.3410935964248,23.3676271107986,0,0
1.72321821811584,8.37866485426068,4.54428721277017,17.6764459587004,25.4642938428498,0,0
-3.01223398761176,9.42187067600264,1.27754651295891,27.5931535991935,30.9576210020871,0,0
1.78439312665752,10.050323914479,3.25156234481172,20.0775760337296,34.4285320624671,0,0
0.631696957307345,8.6721541162404,-0.624183243795461,30.7507534037144,23.1508277906666,0,0
-2.90656758893045,5.50564149143884,-4.05648293812691,22.2465841095801,34.2659867167998,0,0
0.777057904167465,10.0565162123778,0.291498738857277,24.3767428034077,37.3521920992075,0,1
4.96817973465955,13.1424644855654,8.47062723328193,20.1696070483723,22.0107390771951,0,0
0.713157844885251,7.22587414139921,2.32219994523159,28.2620785009524,25.0361208164901,0,0
-6.13151860590493,0.538471458859147,3.15981869271083,24.4298372278001,22.7036832720423,0,0
-3.05947918645937,7.04061901683092,1.15610620136173,17.0845915771559,20.9792349359387,0,0
-4.14107611126969,7.90679085499116,0.346199531253159,21.5093809322348,18.4233464889396,0,0
-4.49630057841344,6.08689066953206,-0.0371868014471,24.103806425153,19.5590299919997,0,0
3.47439649713815,10.8102049035718,4.11014685191223,19.3958853440588,26.5115783065002,0,0
2.01881688096014,9.11237708851866,6.15221959848693,26.3644331192605,36.4104168757309,0,1
-0.408001186525886,7.25999617034205,3.47696219560906,26.0000063608497,20.5760281177737,1,0
4.08163851107903,6.66468553011609,4.00105465407752,29.4041489561272,32.320391668985,0,1
0.407681582458646,5.81634236557986,0.625033684391802,27.3890596797843,28.6218058216495,1,0
1.36921533304616,7.33301221957353,1.2005464150295,20.9277033674013,29.753809845036,0,0
1.31150348509405,8.33383188671043,-0.125410998779482,22.6037259081653,32.147688942295,0,0
3.62692028810647,10.9086790902256,2.46718661201765,18.8848758964043,30.1648965104429,0,0
6.71691902102849,11.3915062413587,-1.65174094261101,24.1715673976389,25.4515628037285,0,0
-1.65768290954046,6.61256119120383,1.93667209607981,33.1880558300924,24.2695157539391,1,0
0.548860104214887,4.26531603803975,-4.08239178433261,26.7497875583294,31.6504577876851,0,0
2.33063977679217,7.90286448138319,-3.96787979288163,21.0549921232946,27.4422212500694,1,0
1.8161839284338,12.2973072360485,7.87640751409752,16.8415775467621,26.6001772738406,0,0
4.69466508290877,8.62288082350441,4.38952130817368,24.0138545571187,24.9407766156172,0,1
-0.2934293298699,9.24398793699777,2.6428496488618,19.7850281110552,28.0198202207324,0,0
2.05563065626082,6.37442890769633,-1.34668634063975,23.0954586597632,25.589925874577,0,0
3.05750759229544,8.91519790970392,-0.586380439321077,28.0433959692542,24.2326229106603,1,0
1.0746067829032,13.5401970651338,2.54139703436892,19.8308609111886,28.7665254636822,0,1
0.645187321147723,10.0806899101356,1.27835581491704,23.1206730210872,27.4213447695541,0,0
1.74815937623626,12.3742813538348,5.39098091217775,27.5343281900365,32.9562211896222,0,0
-0.0157320548354833,9.39993251924333,1.04950622896447,20.4033777067772,39.59415443454,0,0
4.81073536440102,8.18327744810888,-3.09672062011993,18.6945761824271,24.234447850142,0,0
-1.4698597328195,8.23450286131883,0.181824921383384,19.0881108411374,32.2414940564044,1,0
-2.09331609250915,3.69523437644694,2.16988100622136,17.5558914623531,30.2302726275894,0,0
7.34066647182622,13.0942547215516,5.94119771190621,18.0477690875054,17.7725317777547,1,1
-0.0625999545674227,9.04834808868456,4.70703819234002,28.1065754163517,22.4318983980383,0,0
5.17344266224455,7.46647012098088,0.655727351519863,19.6310728272659,24.3726279222398,0,0
3.05865363252885,11.6123038790137,5.26471432543818,22.505087701881,22.9895353762348,1,0
5.25663920526166,9.26260482840498,2.71496985997674,26.4928544622479,25.3330241218109,1,0
1.46977298329436,9.33682011611275,3.82681559722854,24.8949289423077,28.9440505773445,0,0
0.755381535563663,10.0299592014701,-4.05024801815424,20.891159351291,28.361134302254,1,1
-2.52566221964862,6.46981922621773,1.00125023821944,21.6051405704006,26.3044241826554,0,0
-3.24103609541723,6.27330370618551,0.295799725647747,23.2918723994242,21.429023342013,0,0
5.15688702791773,12.6027376093097,9.89518974783565,30.260050831252,24.1380619272323,1,0
-0.290788461666054,3.15439968158294,-7.56218082683578,21.0677878290767,23.4741654861552,1,0
0.935730909756437,6.54964315766672,3.80728859212239,21.8526621346309,18.5418129012543,0,0
0.05609706882355,-0.126246297044659,-4.74746733728398,18.8564146740716,30.3867507654145,0,0
4.06084895253639,14.8483494870362,3.41253232524299,25.5676205715975,30.8176337658926,0,1
6.19336527059523,10.5971545219707,2.04546430175189,25.1934971808361,29.842134923553,0,0
2.8042353469091,10.8071936437505,4.25491206269155,22.8121417149716,22.5809942111993,0,0
3.32589367650704,8.47797922708267,1.45731060822842,25.7958175322409,17.3195756462897,1,0
-2.06447104383037,2.76209176061725,-0.832448212042108,21.0715253395493,23.7748704904694,1,0
-1.34277409762803,4.69690641535645,2.07516918936746,21.2964571070186,32.3850617845538,1,0
-1.07196062202982,13.1398898726975,2.74888826303385,21.7873264624162,24.6211546415382,0,0
2.2461608421581,6.1360625790946,-1.29432619005748,23.1362412266774,23.335445196428,0,0
7.40509577344178,14.5827138939137,1.79303029183842,19.6112809979185,22.3944022200129,0,0
-1.53602624116935,1.05710152187986,-1.12728168457059,21.0692101486811,29.6622030795815,0,1
3.36410956384804,14.8722549831425,1.53314845221245,26.7929690839143,24.6825024799513,0,0
0.15168247010393,6.66553284133529,-1.87557385155846,16.2776461032919,29.7643613344346,0,0
0.311591721105353,6.9341920829373,0.0730752481910208,23.8002701588791,23.5948425912253,1,0
0.898175263132731,10.302749406809,4.91141526308007,25.8458836541822,15.1128460868995,0,0
4.81702288145347,15.7361488222778,7.59387630604229,23.8009879816416,22.2490901153447,0,0
3.52640468143983,13.834861282968,5.29246392211599,28.5578009109675,34.4755931449892,0,1
1.27780309073246,11.0792087016074,2.95264319421387,22.4969319812921,24.7407637579005,0,0
2.73588283197402,7.66235879341117,-0.365636941308614,23.7281917134783,22.5668025449229,0,0
2.74851560973955,8.30870455684749,7.57550485539729,20.4545192352608,20.8990341252903,0,0
3.81840885067107,14.9350419267927,-1.81302142254746,20.2453049264118,29.4457336928359,0,0
-3.58050675872525,11.2040673909257,4.29060055520398,23.3793579610064,25.2780764098864,0,0
1.64968058701275,10.7772415501417,4.36404064240199,19.1256572239399,29.8797927888739,0,0
-0.365587207151544,7.19123719615679,3.97485932943918,23.5875011342688,20.692353293238,0,1
0.401107308583337,6.27328200807992,-0.0570474273944863,17.3651536994197,18.6022975100756,1,1
0.913407026616383,7.09220468998762,-1.54295445026386,20.9511785211536,31.2127400938737,1,0
2.18737432998288,9.25755979053901,-2.89362375288275,22.9002562148587,22.6391847335212,0,0
0.104386944438241,5.52642442324691,0.205257900635767,25.2830100747739,23.8304088732443,0,1
1.09116303425833,5.92261754048514,-2.18289239245992,25.2770546396233,30.8200812955376,0,0
3.13794707433454,7.98879605613615,7.26430989378548,8.64376111917787,24.4268927701453,0,0
-2.48360022710386,8.60971340895612,3.25518540565179,18.0978712511135,37.7644119594556,1,0
1.79691587905599,7.72072477940979,-3.35600725303036,24.1373686238644,26.2890491403168,0,0
4.6709018068201,9.0093549818968,4.09373961210726,27.3912301193586,33.0006205132735,0,0
3.42147392041399,9.5965495786088,7.92032397135913,19.40982037482,32.3029862719757,0,1
-2.29069789627091,5.0492801068578,-1.08261457742839,22.8666029924857,25.3966939594469,0,0
1.47585818416,10.3256674697412,6.70636212968425,18.2585220935699,23.4468278429557,0,0
5.30689156869529,9.60520415947711,3.22996136373084,23.1619343180762,18.1696701395417,1,0
4.70978626449884,13.6739215902721,6.64651720126012,18.5963413603988,26.2118549732337,0,0
-1.63852696223063,4.98983693482593,4.82510196997472,21.5708445275614,22.1929668005661,0,1
2.21321176493596,8.71278605946118,2.40109977930389,13.8919023705718,31.2374283139164,1,0
-2.34313054202708,8.41511042089691,3.78628075155621,24.9456912633831,19.2230208168995,0,0
2.12251537652521,3.85137175396563,3.96067412567374,22.5058474920726,28.0034399073165,0,1
-0.0109238250182384,9.32394255790792,-0.628208166284071,26.4918699329357,27.7152750135085,0,0
-4.72519746767783,2.29433554800619,0.705854690056885,20.8630551655394,27.0852096580344,0,0
-1.32151805078019,7.6616946395945,0.4323312124117,25.1756570048353,24.1247326323272,0,0
2.52803787793096,13.3288157598208,5.27716693962222,18.88157522562,31.0359786902863,0,0
1.81627515466004,7.30338472989217,0.364725570461416,27.0979817738386,24.9766531455665,0,1
3.90773269065189,6.72985552299043,1.14559566354864,25.5952970761071,23.6946107919497,1,0
0.69595755934615,5.37344068174291,-0.881089351423768,22.7930674527822,23.0369955933844,0,0
-4.4753045285307,6.46124341180766,0.82707928933215,18.1246849040131,29.189056110741,0,0
1.05500671483397,11.2682804063711,4.59623282394721,22.9783701897984,20.2419444385243,0,0
-4.10344271955658,7.42008942857389,1.17075738465667,21.4782366535918,31.6594318726263,0,0
-1.46217605583042,2.23926108457025,-3.13545556576908,23.6625527164584,21.7714248769403,0,1
3.29681715480275,7.3893022264079,-4.14855267184331,21.9624782192637,31.0213920162735,0,0
7.81887150428188,11.9689145954743,3.24028607622045,23.1773320773125,33.0436045847086,0,1
0.840968887532031,9.05913949226627,5.64708199753484,15.6064458089674,20.6908964689266,0,0
4.16387186133345,11.6380112915952,2.53620776865317,24.5649784982852,29.5235049537656,0,0
1.02816281026032,10.4823167135772,4.04615182065895,23.0233849201627,29.7971578181581,0,0
1.74692129371548,11.532616518058,3.14974577085217,25.0541897396583,22.1228367876285,0,0
5.97442516966573,15.7883497581856,5.37194019497472,22.6550630991133,26.8881717962417,0,0
-0.787092571735715,6.02844826857528,1.2131551987663,20.3016086722681,30.1890911723419,1,0
0.478059833288377,4.91610380529708,-0.753355764208538,20.3587635957672,35.1853792012155,0,0
0.760006391108471,6.57992594940266,-2.18701576823547,21.2598972730083,21.9038596868352,0,0
-0.606616309807625,7.96241891369122,2.05664910772521,27.6359201047789,28.8711566936872,0,0
3.43462362199633,5.44848603089327,1.53429314475297,24.7180848542024,22.7323954293856,0,0
-1.29151738746448,3.6807997235122,1.79847036832843,17.7207156240481,22.1169636185641,0,0
0.862751082472781,8.83366408581559,0.937241806306969,19.2480609332327,23.6614468938844,1,0
-0.304405151362894,5.25974612835535,3.03124504520615,21.0030922663523,19.9331100966669,0,0
6.58271046188716,17.405750337573,6.5411726208756,23.2805318979891,18.0251018381303,0,0
4.65896571514053,6.77789077277228,-2.06312589147402,23.7309883160988,16.7615996544637,0,1
1.34186635685626,9.04234394927615,5.42799701191928,27.0632540953488,27.9504770829737,0,0
0.411557419547175,8.00978576777184,1.01131612331948,17.8923251322896,25.9471507139283,0,0
1.05350286518418,11.9166746024906,5.35719201813365,29.6624797870608,34.4966059418428,0,1
2.39333762672196,13.2477875887533,8.16536168935638,21.3430352992067,35.3678282198947,0,0
0.92505745425046,6.90795901236805,1.81770526624857,17.5924328145349,29.4165387091627,1,0
1.75753419529133,8.70397858531287,0.0874510912326261,23.2960416356346,25.5579430862903,0,0
0.936563734735534,6.82144908759873,2.12426710675274,17.6988495997847,23.6993563134278,0,0
-1.61249830205395,9.78922615394353,7.3778318839771,21.7146884613531,30.837041606739,0,0
5.28470961874415,11.2862962030911,-0.926427042437582,29.1464661308285,31.8403995248108,0,0
9.12679853435946,13.7474002190494,3.88718999237559,20.7940426286451,30.0077105931762,0,0
-0.251165169649689,3.31420827821905,3.04123910909386,21.6770991277219,18.6264328111136,0,0
1.59304010710751,8.49637067721658,2.71568066962005,23.9341548683656,36.1740536808184,0,0
6.34910650902151,11.2980122071532,3.5658356100987,25.1015934878213,20.0174496471122,0,0
2.14285645049931,10.462189544578,1.91129898145393,27.0983405557499,28.2747431662449,1,1
6.22939720368682,10.5452379572306,-1.47467465683285,28.2509046285832,27.9344194553663,1,0
-1.82594634834696,11.1944999937821,4.40137687017938,19.8561064734611,25.7013109499636,1,0
3.73697924510631,12.9235349604324,5.03218316320015,21.7932872909949,28.9265317748786,0,0
4.49888411913301,9.14662882391255,6.41205999242881,19.9729801318275,23.0071652267746,0,0
-1.69945681633344,9.65159753785075,0.822485569946519,23.1284256245401,25.1845516365592,0,0
3.08130708172572,12.8672067785552,2.85607229330922,17.7049826929935,21.1900293248574,0,0
-1.60779867504291,8.20709784638364,4.88041362549051,21.2350346868049,22.7140667312535,0,0
1.37966423163401,6.31443399467702,1.53857849935273,23.5036534397588,26.7139938465257,0,0
2.81281688659064,8.11587224069628,1.91357893691616,23.4683279648022,22.7695893160669,0,0
-0.337577571532299,5.92724567414322,-4.03676069357191,25.5280287212499,29.1657748007679,1,0
6.79290706996273,10.9528891992592,5.15194572670355,22.8237707378328,30.1866017293053,0,0
-1.11372035010466,8.27150916605635,1.40885712560753,24.4686578185508,26.1184962252832,1,0
-2.29120997497908,6.66945026878458,1.08909329115232,25.6860380762964,26.7213526961705,0,0
-0.320565906859242,5.82469091512563,1.43179989155128,21.9570363612851,27.4978596540327,0,1
2.07347560168213,8.16351314345696,3.80515978677199,28.2154315871101,27.8247385605155,0,1
5.10329203697616,13.2331730191195,2.06240045374323,17.5019201665752,25.4511832456966,1,0
4.30748673833042,10.8965621030242,2.09677642622496,21.3340017777796,15.2999973054758,0,1
1.36825315915738,13.4388263880158,0.4571492843265,23.2674670776464,26.8718306848176,0,1
-0.44053620335602,9.29136775610101,1.63947385746874,22.5901906324784,25.3825597180886,0,1
-1.81478075660709,3.79248374151087,-6.53363902212089,27.25669838272,27.7034333471216,0,1
0.239474663301973,11.3374068579619,3.4908532249631,25.3025990823182,34.9221180220586,1,1
4.13421541532574,7.51164160179679,-0.20270604584567,22.1577577025888,27.2438203610811,0,1
0.491064599637905,9.52334003541883,-0.455202370137368,20.6524578500139,26.7513845330115,1,0
1.70558763068404,3.88774729171459,-2.9934272537485,31.9055242837224,37.0622581042472,0,0
3.99586145124092,12.7859077427851,4.92451268964258,19.4246380280922,25.0859562723403,1,1
-6.61053938454104,0.725808144602659,-0.741126371458715,23.7231352560701,19.1203013668014,0,0
-1.80953690807879,10.5012206881431,2.23065714759324,23.8226117042068,26.0131062259192,0,0
-1.7241967226555,6.14040448803921,2.84456564119943,26.7225065210416,35.3580288722874,0,1
1.42333181991207,1.87055173952085,-1.48291445924507,32.067399124087,25.7374064304299,0,0
-2.07141120194589,12.1710331203947,1.55385474761727,22.7889363287392,25.6633231405128,1,1
-6.55955970578687,8.02488550319607,-2.28056983639047,20.5864743977466,28.6180754830615,0,0
-1.70298965129994,3.46010804925702,0.72302811298592,20.5290989804492,22.546610928186,0,0
0.913745629808604,7.24150417185269,-2.81805828405464,22.801610383615,26.7693968220169,0,0
1.37813662456969,9.82529846676678,3.93917414712346,17.9387066685888,31.7981181518313,0,1
-3.28011233469877,9.35100263259394,5.25111529693734,29.2944975317425,27.2327941505199,1,0
6.23752431822486,11.1758520135562,3.01097278328016,26.4389115301929,23.1711483567832,0,1
6.05510065133291,11.389974220266,1.73267497770265,28.3005570533011,22.1239070866784,1,1
0.624332744953916,12.4088818668893,8.91056652382662,25.1139304526196,21.63042914783,0,0
-4.79499082743833,12.0403068822605,3.77021098370001,32.0571342859715,32.9328757271016,0,0
4.30975784039541,12.4707658283674,6.06673869255157,14.3120909052511,33.7326090407728,0,0
6.68143729358329,11.5539900347536,3.87572411003219,18.890411138315,25.1711013419074,0,0
2.40392529945263,12.0433897280494,0.919413525790929,23.1678994781388,29.6881220629486,0,0
-2.52155599213343,5.44285153144498,0.121751495982228,21.1874249706722,20.1701842296345,0,0
-1.00348793047605,6.71796434425005,-0.272375672276765,24.6401476846538,25.3506264423871,1,0
-1.15658430613319,13.9810676571995,3.76432083151491,22.5798533523134,26.1148549528754,0,0
-3.8025784579017,7.82262520775758,2.65405349227368,21.5679465082321,30.4777780020285,1,0
-0.916160895041109,7.0932519563639,3.18244727409455,21.9437854215148,30.2029334377025,1,0
1.19591932800162,9.72825349600629,4.20428771150528,25.3618749832343,25.3654212189284,1,0
1.63289497035947,5.9862673468591,-0.71428269024233,31.2077160486048,28.0931216772213,1,0
2.62186740367632,12.2176750603964,0.854861946661765,18.8334370895609,25.1230266253831,0,0
6.87336981403317,7.19616686162506,2.90228818590143,26.2023376167653,25.2636325096358,1,0
4.29617764641251,5.67331032587851,-3.63307563541976,27.9750301143672,13.7670620960001,0,0
-1.35249239190497,2.73029499624769,2.09156342451977,20.6829549946042,25.2923935171083,1,0
3.71994311083131,13.0079532504594,8.3025099960284,24.9046697608797,29.0683224778576,0,1
6.65072101410186,10.2325536758684,1.8017556374793,24.5899982344598,17.2819633039452,0,0
0.379488044556597,12.6210206301082,-1.30871203239123,25.277688676495,27.8289393771059,0,1
3.07196406019439,6.10415646262645,-3.43672797466472,14.803314398381,27.4190985137582,1,1
-0.65272823224347,7.27875732257813,-2.83939135988629,21.6369516667561,18.5369804414373,0,0
3.8621626725249,13.6774452427428,7.85402837849932,29.6718622553795,16.1625435568913,1,1
1.95432280250591,10.4906883979773,1.58576359015873,25.5025873832912,35.6529326607196,0,0
7.34189771755755,13.4331011484046,5.28291386814441,18.5664274522533,28.9520040842277,1,0
5.68371433794563,10.1368430896129,4.06522357697317,20.2425930905033,21.504171661033,0,1
8.21788984876362,12.7819398040016,1.17472593603312,20.904303600364,24.8414733086842,1,0
2.5122944512454,12.2861452349402,6.01566376324558,24.1928898593666,25.2054622619822,0,0
1.58008138716675,9.30900836796974,3.19158757947393,27.0540202761631,22.4406380964952,0,0
5.29179306089095,13.2462587813962,4.21162665366003,25.1021315154955,27.0502292110261,0,0
-0.32825712549804,3.18125743288356,-2.62851423554471,23.299455288672,27.2881201393846,1,1
1.97690751608993,8.5471227543942,-5.13181817251607,22.816572850306,27.2756113831896,0,0
0.893595757897184,5.76749030361002,2.46555918458436,24.528515842359,23.0846285572499,1,1
-1.41082208469056,3.85389397458044,-1.52307716673464,15.9472926053407,25.716327081148,0,1
0.011853649905514,6.78700497773966,-2.14987814077101,25.2053081784047,24.6329836717998,0,0
1.96380266897028,14.2032305998202,9.4455685704897,26.6838612043708,30.0830991131467,0,1
0.325457089152814,10.4492573276507,-1.57685705294559,29.9521884087397,23.3001241728519,0,0
0.350915590912593,6.94612102607505,-2.43242036481423,20.1876072145771,24.0817208552749,0,0
3.78367652113755,13.534934596729,-0.511261521995606,23.2825168678235,21.8036858549955,0,0
-1.0776827791484,6.74924428694875,-1.68050335834197,20.9197589362558,29.357588837617,0,0
1.50933179761006,9.13877455897527,-2.17676552383971,15.2265518903633,20.6305770835516,0,1
3.50983624400088,8.63934511973708,2.48757846990224,18.9536974598088,27.8765739112504,1,0
-5.27718985020148,1.81886887473434,-2.65745546749208,27.0309315140666,19.0833884902215,0,0
3.0997184063974,8.4175529083228,8.03758530631763,26.4095214062528,23.7002764016909,0,1
-1.6230173050154,5.38611021444176,-0.782153949160415,20.3683964511943,23.8412912063235,0,0
1.34916017457356,6.48659629360805,-0.825508212647881,20.4870837532694,30.6200965866484,1,1
5.6080619180773,10.1796502643496,4.27012088030898,19.2967833453852,25.4657310231133,0,1
4.39147746195199,18.5059536035376,9.28279499415228,22.4138351756991,24.6750752096311,0,0
-0.339369679397992,14.5940467465592,9.64001337792959,22.1849874787404,24.666182783027,1,0
5.96269128653656,10.2098830643539,5.19133159727325,19.1566977211027,20.1286028222655,0,0
2.21036445983244,7.77054865300251,0.805368252735691,19.4702603895495,23.3203779781413,0,0
0.830444088326658,6.81277927705118,3.01372517352382,24.5911273323054,30.1269101006047,1,0
-4.9462945085558,6.71198683422041,6.15386549158534,23.6780668442975,33.2383979314061,0,0
3.54099793010856,9.2908341569817,2.52974675053471,17.7885799428644,19.2734772522941,0,1
3.69819370040217,9.35589297762432,5.99566185579964,24.2878674637417,32.5828384147775,1,1
0.657330360072918,8.27929780137991,1.18687940210747,23.638590916692,28.497402664914,0,0
3.24600323717484,13.7152319884919,5.96446862842199,22.3276708884367,24.1215505714449,1,0
0.420873539899627,5.8798607363858,-0.35868317646359,24.8430951825229,23.590324670551,1,0
-1.38567964215078,10.8634846181005,6.18250257945845,25.5331693979592,23.7753346399581,0,0
4.76469830300745,9.19016383728538,4.93095263581242,32.9527855936941,28.2810205087429,0,0
-1.77272608594529,8.19567957478416,0.559864708558458,20.1962995426036,24.8833437660636,1,0
0.736323483022698,4.24754263129779,-3.39986030499167,20.2766729716223,25.2343070609527,0,1
-1.06730341238575,10.8822373479928,2.8741869187807,20.4316865388223,35.0075539378889,1,1
1.73436504348538,11.9275883749669,2.42418431528463,18.25432912689,26.6056527142219,0,0
-0.811629573415693,6.12065348157433,-0.969112296635936,21.5406908680378,32.6766042117614,0,1
1.87044310534058,4.71737563741675,1.45552143936178,25.8083808584835,27.9966285516974,0,1
-1.03045690480274,7.21032387500467,1.24713897465097,24.4265697082443,34.5340031475004,0,0
3.43444746621015,8.86977057780203,0.561073920448266,25.72134748795,32.0010294722342,1,1
-1.42652488982213,10.3697700974651,5.69026099755741,16.457362568247,33.538777724555,1,0
-0.482632228640179,6.34286591403905,6.18925419858681,22.7364482217376,22.8341153272239,0,0
-6.9405958419683,3.91700100847569,-0.899545037178737,27.7204683807337,32.2403451220643,0,0
-0.759400989439351,13.4948343235473,3.48229441718229,24.7168298004591,24.9131666771222,0,1
-0.508029983656593,11.6246311719909,3.7976729586499,26.1194647208639,29.9753641764703,0,0
8.42228743305686,9.17728807031972,1.81569561995271,15.8900118545099,28.7623907232313,0,1
-1.19520994274781,11.867889293207,0.880904639132914,18.9958186879401,26.8999304621025,1,0
1.70353495579092,7.78241880484728,0.695854918468761,25.2029557950391,25.6251178306117,1,1
6.74068681779868,13.7711226680761,2.66075580825266,24.0706338733373,24.2079829042581,0,1
3.51297269933902,13.847066322403,8.69264433450777,21.8338490051527,28.8442065178625,0,0
-0.403791683166925,9.58190879268955,0.322951036425483,25.6987147507715,26.187305592337,0,1
1.83619002309123,10.5041519549965,6.23358572486418,31.0430763282301,29.1649689506129,0,0
-3.0063340200689,5.52947062086164,2.42882211912004,18.9515172906871,25.317035019038,1,1
5.06551771967956,10.9468306891459,7.16275849366867,25.1610216861513,29.6209700838768,0,1
-1.02128521971136,7.65872335373349,0.0554892997927916,29.9029285952938,30.0722339105655,0,0
-1.20037650878988,9.60306273104822,8.42496302341314,19.8548639047901,28.6598205370595,0,0
6.9101890993041,12.2164878284768,0.864218417843572,20.8707751735044,31.031138199456,0,0
1.56519385245469,8.44659489201805,2.71190566928341,13.680814191931,37.7097087356899,0,0
-1.92667393954936,8.50000565709614,1.75263689475422,18.4400250676584,26.3911666563679,1,0
4.26452156141568,12.701838988581,1.08753047764115,22.5015519555008,26.9463403663962,1,0
-1.26457241286416,9.07514203676074,-3.79934025698055,27.1487801870382,29.602045277403,0,0
-0.108236009395782,7.2734472439589,6.17461039009192,20.3070771260447,21.7687238194023,0,0
1.12538381565744,7.08352979976435,-7.93105111030516,17.8454225852567,26.5973584190599,0,0
2.00073488590529,10.4573796358479,8.46117283649186,14.9052495270853,29.1737605326688,0,1
-0.219821490806888,6.79702692341459,1.45417934446045,24.1858822681956,18.5505230593065,0,0
-1.94518062881038,4.41917098807903,0.200892479773821,23.96127652043,23.240970341563,1,0
-0.0606797908280483,4.51895401524769,0.497947908597241,22.720576847908,19.9195546555299,0,0
-3.28148470704571,6.07210916733734,-0.436774891724696,24.1609429990448,22.3456444731232,0,0
-1.51360510745995,5.08907877542893,-1.89476937748035,23.4365870669773,24.2582638958821,1,0
6.67583769254593,15.0951734222789,1.64829644703284,25.3687829371258,20.1788100160582,0,0
2.19984461897416,8.98166502164386,1.84095624392255,26.0902083422188,24.0331750472179,0,1
-0.161032282748526,4.16468154519298,-2.50005083523199,28.2641708282724,23.7959480609457,1,0
1.302603902351,7.74234609041462,0.755232908970732,22.6843817486788,29.5456593589227,0,1
2.6825102296698,8.19332513825092,0.464233878847945,19.5246524265669,28.1686860303796,1,1
-4.19197831777386,8.54204060741668,1.35990543737415,17.1360659565745,23.819124471987,0,1
5.61231099526809,11.7985872327318,2.30862321873816,19.843568884016,23.5278439955277,1,0
-0.930594291731423,10.0741206058382,2.55960413729493,15.7935058242508,36.3955668722998,0,0
-2.01532708688877,7.59051247247706,6.0924624284122,25.4007749323079,31.931738673464,0,0
-2.1551367601735,4.72077156599466,3.5368624454513,30.0488822704065,22.0591706351012,0,0
0.481027219157681,9.317846474205,8.17087855779207,17.2309557501285,29.1639287056401,0,0
2.10514329115607,13.6190081054175,7.94527467762237,20.1522649018578,29.1563739520694,0,0
-3.2284698833511,4.17494897850955,-3.41719578416454,21.1894184413256,30.6015519320963,0,1
3.96734896151389,11.5929240353413,3.85687659913638,10.5441833784086,19.0905315965152,1,0
2.09061256460664,9.04246594167048,3.22564340099953,16.5416031989413,23.2903417219626,0,1
4.69629700240124,9.32783072944118,3.16375189199963,17.9760662408598,28.0569310941478,0,0
1.88823056552001,10.4214412776345,7.36955258267995,16.802475709312,34.7264981209841,1,0
-1.08746179008458,7.3092700219028,2.48262637835331,21.8866378129916,17.5843249592756,1,0
3.97989230352983,8.03500604839486,-0.224619913252047,24.1735285555011,22.8728647167267,0,0
-5.52317178561634,1.27928132773617,-2.64271041403578,22.1942072637893,21.0524074693171,0,1
2.91964599965758,10.0564417056361,5.14936772384038,27.6219384495332,28.1176620450354,0,1
4.77116626260295,5.56997746295138,-1.39919551261707,18.3617282878336,27.3353561299953,0,1
8.9970729189352,8.94269302634268,5.09665626218002,17.9412537049453,28.7513649284828,1,1
4.63140618701479,12.4616964170418,5.79638434484693,15.9980238439249,31.8321624472115,0,0
0.175646489049464,9.93476237528182,4.20838341368445,25.6386329322731,29.452498591541,0,1
10.4352797896839,10.9148846700727,2.714698422062,22.1566197776651,25.9599029548994,0,1
1.84570388088032,9.26411625298672,2.8422955428431,23.0052142559419,31.5849163103753,0,0
-1.9075556815283,5.61795848155147,-2.98080721450954,20.7636318310635,26.3905074373268,1,0
4.23043295556468,13.1764851336239,11.8594974283437,28.1785624898977,26.4129353579308,0,0
0.576052078333574,7.71046885146018,2.1095084729256,17.8064197557112,18.9654648709298,0,1
6.31639306163761,11.6044329818139,3.63558428967265,22.8122174601151,32.4026447887593,0,0
2.16817877076789,10.6976975083338,3.66792321481012,23.0618031558647,25.8190623336915,0,0
2.03846928495615,11.1774000799586,1.55680855216328,29.7549772274928,25.9885102298874,0,0
-1.14584835076964,4.63870693445089,-5.94706750559228,21.9951794607717,34.6141311417713,1,0
6.79273264361075,9.16376666385529,0.302621850510881,29.0065650711301,18.9834357588005,0,0
4.08167020235145,17.335492685063,8.65126046722432,17.574902268854,28.7230210194845,0,0
2.66765786779901,8.46312712678732,-1.32468689899431,17.5381126958327,29.1284795527962,1,1
6.10347054653289,9.57162268608047,3.01075519787631,29.9461270932862,29.7296250744132,0,1
4.82751053076849,15.1938447348456,2.7799192239627,20.2998005857649,21.8309971062745,0,0
-2.22628201587876,6.59500028822387,-1.03102980406947,28.2047567464473,24.3915012301199,0,0
5.07151653674581,14.7231768248469,7.43182399662607,18.2423357780352,15.7329191618202,1,0
1.92330785971219,8.48547818739557,4.40872688094885,26.1979892121328,31.2556753226277,0,0
-2.53837666167992,6.0055691954811,6.40930097891762,21.2456834993609,28.2154096889661,0,0
-1.10934963357891,5.9673677649682,1.83006346884498,25.4922508584329,33.4965812100358,0,1
0.793797803736747,7.99947860007909,3.95288127124216,25.040708190495,23.5292466020825,1,0
2.10474810595075,9.77595497133079,2.2046527015818,26.2031363541409,21.4627283945476,0,0
1.40862648288043,9.45716281315784,2.40892244140503,18.0889304912638,35.1252743388781,1,0
2.16950133994232,10.1854771296439,2.68636150372206,20.955395304973,26.1803835022422,0,0
5.841486530468,14.5999078121905,5.48523771472438,27.7643529347771,32.3282804906622,0,0
3.62000167469925,13.5811860176835,8.93037688213528,16.809181844565,20.8219008949391,0,0
6.09497596789834,11.9410851971147,7.61595102938425,23.3778129621818,26.4299300533019,0,0
2.63837491411376,7.45699061689077,2.42437882318835,16.3683622790481,24.6239765723217,1,0
2.57621488541706,2.63694229745818,0.45399608070921,29.4467934728828,24.9701326439961,0,0
1.70003855541224,9.77722928638654,0.682808302905683,26.459278872197,28.1285405153046,0,0
0.114671978472111,11.9832796211806,-1.16671360373855,26.7292030705336,25.6078651121677,0,0
-5.27470096821386,1.4093727151842,-0.493799824261599,23.2596466517858,34.2061810980236,0,0
-4.2642193182934,2.73683357030778,0.637853811960113,25.7531103811577,30.5494501702661,0,0
-6.71936753669653,2.3676842639115,-4.95928219871882,21.3120603450519,26.521943814103,0,0
3.36069928487827,9.11065148152427,1.41923438537376,24.6145012586984,25.4009876656702,0,0
1.51319026329064,9.02145145753909,7.39436847867001,21.4751650312459,30.3441293222804,0,0
-2.41447377352497,8.8523170324219,0.651667268077892,17.9090834861027,23.9750317976449,0,0
2.72613103752353,7.4909832182672,3.46459723147364,23.4099209763625,31.9378028612792,0,0
-0.540001106084903,6.52117031273258,2.27954866781051,18.9417025005286,20.0216971147882,1,0
0.940554006687717,7.32227432119107,0.917122548293423,26.1560709108944,24.8816558195851,0,0
5.7766241245968,7.21410311256941,4.08347929027727,29.2198380152685,33.1609677472814,1,0
5.0111299445564,5.01770789137488,-0.585026980225765,22.4644057964227,20.9866495432057,0,0
-0.479738016215849,12.6678160918842,3.39214572046915,16.8318011403415,24.2263277045826,0,0
-0.977030659998407,11.2099927393453,1.29348431961027,24.9772887383319,19.3107725082552,1,0
-2.75827666383781,8.88773414270441,5.11263078029648,26.0058780058397,27.1781832466504,1,0
-2.077602064242,8.3323613463638,-1.48547920185493,21.9685573442394,25.6833091340702,1,0
4.03423144032602,8.76359927269042,-1.03054405193741,23.5573954229644,27.8975095563025,0,1
-3.93165795563527,4.58079762228595,-5.74791487748414,24.6366911229748,27.7481274598873,0,0
1.71577323586947,6.38227237877272,5.15658717595465,21.4197757435732,20.2801198145246,0,0
1.9805691270583,7.46121269196049,-1.0278221820054,18.1009297836239,23.6209804633001,0,0
2.19092047455053,13.651030170454,10.2555731421872,20.1000234190132,16.0284163722316,0,1
4.34220799340486,11.6514685235819,-1.95591743484335,22.8439925205054,23.7756784480919,0,0
5.17082704007921,10.3751414074411,8.33597762926569,16.5078329570922,23.8207610898765,0,1
3.61706934489218,7.26989897232387,-3.13640549454426,18.4230425817749,26.0015465001203,0,0
-3.04588949190653,8.93215699579917,-4.66351820106556,27.0806059588438,31.8874695567836,0,0
0.657540038757317,7.81808173735262,5.17765396642314,21.9919687559558,39.7750842515206,0,0
0.500582094485356,6.72471074068553,4.62574940782698,24.8776150395515,29.56022552352,0,0
5.25803849438213,9.53677816193132,4.11886048393925,25.4769531709054,27.3108659481813,0,0
-2.05156207681121,9.88332041586239,7.11281986854321,29.7492257185854,29.1158837024889,0,0
-0.126042366397282,6.55101486424617,2.62468674701551,20.6934847656435,23.8681578260864,0,0
-0.893120848327968,9.39882927804076,0.651449269904337,20.7155523720469,29.710431978125,0,0
4.20359676974485,7.71268892758481,0.33028013414001,19.8595359212508,22.2062427044349,0,0
-2.12431855491012,3.65263479988288,-2.89450504041311,29.9472430157136,17.2331691368144,1,0
-1.38845615175789,5.60140572826664,-1.14401362571034,23.2895400507211,24.5800020633199,0,1
3.86360870447669,10.8963977878826,-0.477070848671787,26.7771104393304,19.9442548291997,0,0
6.45534324329567,13.8690728168883,8.84367180045311,25.5022837502256,27.5008759238507,0,1
2.98252290132539,11.2135375178271,4.8848802886279,17.3912690715506,32.1907426068238,0,0
3.20437228503665,7.16335384339927,-3.97813096229231,19.7514996894019,24.1066206966946,0,0
-0.879040771988515,5.20838455085022,3.96206127506393,18.8168366773582,34.3183301824162,0,0
1.85443080506487,16.0524960994748,7.95459506198733,22.881953761794,25.5972661276877,0,1
-2.07841329657997,8.43607804435909,3.28030937006842,15.813318414289,26.080826223149,1,0
3.80434127188087,10.6620958399829,-0.820584781417774,11.1072017716723,29.8610529807976,0,1
-3.56072946811296,11.5664169629758,4.8574902841497,24.0533256096486,22.17368644258,0,0
0.94880288279615,6.46817191560822,3.09993908699833,23.369048880765,30.4455989021097,0,1
-2.07371625483505,7.13587196803756,2.33518744428941,22.8827369289201,31.0115070710686,0,1
3.3028246018772,10.6483281106559,0.701445088722202,30.6021684817948,20.8015751874555,1,0
2.22767678952039,5.58897111880703,-0.0480789619112283,23.7005769953464,31.1432005675262,0,0
-3.28762107190533,5.07600992004135,-2.0997818573993,21.5154888335671,30.5492286280296,1,0
2.03855162028792,6.31116986450803,-3.52940937390331,25.6617266188849,35.7505928483559,1,0
3.26207888290438,11.3986542517874,4.55982372151297,16.6710283933829,29.6426522684057,0,0
-1.65534175199561,9.28511275390959,2.1950892221156,24.8387128445738,27.8818573211166,0,0
-1.82513525624371,6.0392397397166,3.64153396980438,21.7219362113396,22.6751511608803,0,0
-5.25293571433147,7.11324186217705,-5.51076666397949,15.4706849341479,27.17367628429,1,0
3.15628210422481,10.8539025875373,5.9994020463674,28.0385554154701,30.6832794598785,0,0
-2.57564389059376,7.63604435793899,1.81981150960129,11.5815093613169,30.8303113247537,0,0
2.4230333804391,10.4477411243044,2.27487295310987,23.6133755863879,23.5013722294532,1,0
-1.07171499779654,6.28813404023425,2.34103733713147,23.0041871273097,22.4750121500066,0,0
2.18862582763661,9.53232507427721,1.47537948295595,23.8512090100785,28.6512004194778,1,0
0.681904571327506,11.5380293643626,6.38228457650186,26.0647112606698,24.7815690541231,0,1
4.41461288546733,14.5823814927101,4.62454333155521,24.7399787108192,21.5617802743648,0,0
0.640927562157619,7.30830710365046,-2.59616744755423,18.8800075776882,25.0723679431876,0,0
-2.10994399879147,6.11294625045845,4.47845525585155,24.6648989674099,28.8055338048185,1,0
2.77695867845878,7.4717680518241,-2.55370989789055,26.8904943623056,33.1205577301656,0,0
3.54886050062401,11.5678929819665,3.05462901848098,22.6278260644411,27.2403664157484,0,0
1.10791655718526,10.584750237702,3.45241125536708,27.6875991530763,28.5792734669699,0,0
-1.62436409747967,10.0678424179064,6.90072076457601,20.8153880634357,16.510060162572,0,0
4.99399515725172,12.7410332993231,4.13665274910548,23.2038050973487,34.2756430296422,0,1
1.61289800000914,12.136644607581,0.156094214113111,32.0148749660377,23.5522631621906,0,0
0.170529265201358,12.1012510089019,8.24304001979837,19.086069492913,33.1456219955461,0,1
0.195745240794322,9.99974229521879,5.14756813562781,17.842083364746,34.199188498459,0,1
-2.47371864129787,6.4612538975667,-0.277174974913642,19.1006303614503,31.8335368159645,0,0
-1.81629276348973,10.2464596170242,2.82791727257107,25.4862023236256,29.6409461455238,0,0
-1.53306036802337,9.96474905335426,0.0920782627092742,21.2498551971144,23.1946898574137,1,0
0.848835505504077,9.24747590972127,2.38466111828049,27.6400044129683,30.6365937179395,0,0
-3.26942399933412,6.70971248741887,-0.057677767718598,23.7923077564859,24.0098681046996,0,0
-2.68477569609976,6.30418823871084,-1.29686414727593,26.0021856134135,26.8964676927545,0,1
-2.64526109996399,8.21537658337909,2.6068491610222,17.5521274386617,27.9192943073265,0,0
0.952176413070428,13.8667386632757,8.09512572535616,23.2107099182731,28.2276179648525,0,1
0.27505720105702,7.33734457048797,-3.36950090973026,22.8850072016694,22.0588111684756,0,0
-4.25669646423144,14.6623350650012,8.87364514875328,17.9230449947543,29.7909994529869,0,0
5.29722199370014,12.9940162795799,4.05466282226805,17.6658699054084,24.2271899878992,0,1
-1.18834225037485,4.55083954801959,-3.35947683342092,16.3318362836652,18.3625164159566,0,0
5.87453473878639,12.5165495637331,7.46206213095488,24.0073294802921,22.734531973489,1,1
-2.90783321602105,2.78921206255457,3.67205313002124,21.1964136236574,22.0901687633521,0,0
1.02873768243091,10.5258989653177,7.07504862464773,28.678035572924,29.8553370437936,0,1
-0.237637978124444,7.51929804683788,1.04163612651661,14.6098485135813,20.1247738770454,0,1
0.798987949617669,8.87805037978496,-4.03674790405714,27.5754296131722,32.4519159045498,1,0
-3.1715149536612,7.93242335380075,3.52675291754525,20.9787704604652,25.498503955918,1,0
8.53745464624331,14.4308751729599,3.08078345125359,18.1035660746383,21.6702489174497,0,1
-0.11072433763274,8.77266609603165,2.38629249624181,29.3829428522281,29.3100449953482,0,0
-0.327733805968891,5.52306395410272,-0.78200828788318,22.7556882617641,40.3605156435501,0,0
1.76476817739771,8.38691715711673,0.620742844425199,19.5132661859,33.9513343793913,0,0
-0.683695764038113,8.27524240017421,0.503480632151143,24.4248370342093,26.2117066960611,1,0
-0.551919618840393,11.4210403076038,4.28338777534796,9.86315468205671,37.8791530736447,0,0
4.89402194626516,17.3552048629418,4.54462489847789,20.7225680542502,24.9955180425196,1,0
2.17022243206861,6.7132976457279,0.121099540971969,24.6979197648684,25.3357567034258,0,1
-0.420938518272986,5.8192164978995,-0.0814338789649658,20.9564852212986,14.3898105539407,1,0
0.618886088511303,9.43824717431533,2.34860140240141,25.0507820568125,24.9577987632115,1,0
11.5064789766379,22.7534864156016,9.69838438003001,28.2910569702708,22.8930434916258,0,0
-3.19396388311036,4.23561440251976,3.26291694905573,26.9562068163426,21.2262616103574,0,0
4.94858391287319,6.19225610764379,1.58604497888303,21.2661601675618,23.7143567719624,0,0
-0.627038311105008,7.66642436892173,3.22946158838055,28.2709683586758,28.1292878057436,0,1
-0.433050510655882,3.84998306971831,-2.96654769268951,19.7416312845497,25.3140708655609,1,1
0.245492818784996,4.90670125492746,0.533363543211492,20.3419443954974,30.2252055811343,0,1
5.35216108156586,10.8192439340029,0.820125048815336,24.872697531926,26.9761095214018,0,0
3.61545050777982,10.0622852124681,1.3544729493362,18.4307694907535,22.1993075899104,0,0
5.02469217887622,9.55347546338296,-1.98187385960902,28.0594897438968,25.7128480868991,0,0
1.6051708916467,13.353585420139,8.69252802764559,29.693263405968,18.1489330811927,0,1
-5.85137351129408,1.24075121308281,-1.92768797115389,19.2083611989263,23.2385737749227,0,1
3.34821197778379,10.7939847375703,-0.356206340014176,15.7612286575784,27.3693172811571,1,0
7.29855838809683,10.0917303750394,5.15722338817312,27.3323666029029,27.7610863247529,1,0
3.38592274892618,13.9422560475043,3.88295899528191,26.5443044363054,28.8774299267396,0,0
7.80475766478179,10.3106521095249,5.29391041042466,29.4350375258744,17.7036594570742,1,1
7.0906080339666,11.080311308947,1.79304120154485,21.0411621887744,24.0734017459437,0,0
2.0402551411968,7.14609936862966,2.08843956550561,26.0699701683379,18.5076878062163,0,1
1.55454591715454,13.3774143340708,7.18405967139506,24.4211707275466,35.070477424859,0,1
2.41257911102117,9.01460199667039,2.67664242256841,22.4376356194944,15.7581557059967,0,1
-1.53371236949714,4.55527337920438,-4.11477655476774,18.0760341436041,28.1418238887414,0,0
3.97352631276128,11.5661152507964,5.91083885059775,22.2262768882637,25.2169246964215,0,1
-5.33052374075092,7.53046938166861,-1.08182009863556,18.240568413358,24.500811579031,0,0
1.23430736997359,6.96438678571324,2.99386580996092,31.4071508937235,26.1446130120859,0,1
3.72624609361323,7.91026176762045,-4.50581777764578,21.260826732547,22.9420260929432,0,0
1.47209066281637,9.93624862911232,0.538160880256192,25.1964675164647,28.6472046316362,0,1
7.67982778277533,11.7335492110635,3.82930683817663,24.5053201148119,24.7457765098841,0,0
-1.15196104041262,9.50566874543671,2.53234754780076,29.4533310341693,27.6887152719832,0,0
0.804568002896769,9.50570652206216,3.42953389974993,25.7007372035292,19.7046293012586,1,0
-0.61753175059738,10.8128787096016,3.67274721106452,24.4968014378645,24.038867346797,0,1
3.09034702756033,4.73922276014581,-3.57707087687322,22.0464343892093,21.9729522599983,1,0
0.212064599458595,4.8119284377905,-0.882003641020443,23.2646460635853,30.0564822629965,1,0
1.92860174079381,8.5022808749376,1.06055976072511,20.2668772896491,26.9247266137296,0,0
-2.23015111749899,3.73052665529697,1.2856182884916,19.7186000140608,23.9690633441062,0,0
6.19543072807573,16.412558248686,2.08453069184454,31.308014384992,25.041209977696,0,1
2.29630647042737,9.09410256080456,0.0978296188935728,13.2587473533834,25.7784509967785,0,1
8.19270369319118,12.0411022012751,2.43557920022232,19.9063381909506,31.0210417432592,1,0
-3.12945006700761,6.28034521724657,0.48295626311952,22.0167267872894,26.0711204822793,1,0
2.51950188674063,8.33234978577644,3.46808359128395,24.6510043804265,19.5427190411057,0,0
2.26629045062474,7.34098603275502,1.70082491589861,26.3274164262041,30.6148360074726,0,0
1.07541117678849,10.4004340882782,7.38848461390168,21.5972576842947,19.817677189028,1,0
-3.23192200843954,5.6455015702391,2.55906830664243,23.7471117591808,24.7976524770185,0,1
0.631474257347848,4.33211477492924,-3.56931470357225,21.2655134476066,30.8914253147223,0,0
5.17925250033038,12.7578129835905,4.96699822219084,23.9760578987446,25.6016643755809,0,0
4.84444805619127,12.1591319206011,1.64391669408629,28.4542904883564,20.3808717149643,0,0
-3.2283969791478,8.4263109281425,4.54771901066679,20.0643048376685,29.1883430832112,0,1
-2.46296374619434,10.2287778055599,4.73535052106355,20.7751825796588,24.6288663407994,0,0
0.167675598942817,6.60707142796286,-0.805811902336886,16.6082089663804,34.9168383894912,0,0
2.86331533019721,12.9882802324272,0.890927403934012,30.6710869282766,28.1526553450823,0,0
-0.228762077386326,5.90801594109569,-1.35987738105492,20.5877256651512,19.029574729255,1,0
-5.6047817092513,0.777799568383475,-3.07016399488285,22.2782982930168,23.5308828480114,0,0
-0.402514402346835,9.67094271449665,2.9606249289075,24.3644542653426,24.5618830410201,0,0
0.948804643272444,7.9199311836654,1.81984815222003,16.325334863325,28.5521386258639,0,0
9.10349328948107,11.9205174971762,7.5269510546366,26.4274262693142,30.3845215306502,0,0
-1.97905484030314,9.72097568110319,8.91346945408315,25.9025805767573,28.6392724553804,0,0
2.01394966378496,9.67627428619103,2.62504365867194,24.1942307928765,19.0332196903448,0,0
2.4077218090565,4.3973963536798,-3.2782071802758,13.7418459010258,30.6816428453366,0,0
-3.37676914889106,6.8288095036222,1.02014533739446,24.7558934697328,30.7806626232137,0,1
1.73777732480995,7.13023817561954,-1.51108056746586,19.6425668599091,30.9323731949339,1,0
0.908825736050959,5.75856833271084,1.41763172128947,27.4138551433868,33.2254580826619,0,1
0.409823009375141,8.73572597040908,0.0440327264151117,24.5893404027456,25.4671598105086,0,1
0.0587667598633486,3.19806475657836,-1.08791447547512,29.4130120464327,29.6236204409074,0,0
0.467866444687527,7.69930611903939,0.85239393584163,14.8444689623078,21.6416204043825,1,0
-4.16810513360603,2.2888344069936,-1.46297663206114,23.1116106429015,31.1179052918706,0,0
-1.01055562515317,7.39495864889241,-1.53487069021038,24.1522369416276,26.9171882090566,0,1
7.95520189699597,18.6110057327938,5.71188909063493,15.3989585939286,28.2040591855357,0,1
-0.541705922160497,8.66863545688349,1.73824789792938,23.929933351729,18.7142523029054,0,0
8.03902006344882,13.625797556793,1.58772318676537,18.6574151223829,28.3928462712894,0,0
3.11437821100314,15.3518388479367,9.38472286200218,25.3434084896922,27.3255491583192,0,1
1.51257777960536,11.1574534644874,7.16235419223151,22.6448794080596,29.0990494205474,1,0
1.56816654900283,8.11257502007185,5.99298756882005,23.0600252540508,26.2252698201992,0,0
-2.7965941141541,5.58455458614631,-2.12135533692931,29.2001579849273,22.3104623544937,1,0
1.35566002348593,9.70518628500736,3.8970771469533,20.7929328167814,31.4262400732383,1,0
3.4235223916092,12.4777458287416,2.08186848354466,27.3863285337908,19.9205346168369,0,1
-1.20484752011409,5.77492928794707,1.78109022347778,26.5756793202435,28.542579389181,0,0
-3.54293426012953,6.69662303272826,-0.751869334147532,24.1999877178249,41.1287636043584,0,1
-3.83130366980017,0.946387800789787,-4.8004309821814,23.5393399958354,34.0878401744139,0,0
6.09358747084917,12.112198228076,5.56122222755996,24.5395843468387,19.7485036714614,0,0
-5.7219093878266,7.90683444453933,0.0989777470848443,28.8183598567468,17.1144263563644,0,0
-1.86117227546955,10.4614565503565,10.1250611642129,20.3863545936947,24.4456301109614,0,0
2.17409489422359,8.25626522337532,1.99799115771291,15.6640540102315,25.1814878324608,0,0
3.51744112266666,8.34317457253236,-4.08911879453519,27.8398953951856,28.483417141837,0,0
2.52097092951858,7.86228687853291,2.4818495963247,30.7495227798282,22.2412514924161,0,0
-0.907167596035115,6.32090236033957,5.15765598859325,16.9078657928646,29.6216945180376,0,1
6.9966435088845,9.89484083433374,5.91948479128041,24.1716996471037,21.1942604765745,0,0
-0.376141717054133,6.26839471750357,-5.2646849764106,17.3831326939591,24.1106679117583,0,0
-3.96844097457106,7.5146236780718,4.64662158235613,25.113459680002,31.3127378459756,0,0
2.95666288959262,12.2118547387193,5.81988745240057,18.2555068029627,35.1264111951094,0,0
-5.46792974417464,3.34228966605371,-1.71040185394622,20.8247400240625,28.9569220402069,0,1
2.11552024930151,8.6335474823767,3.7897033062241,19.1748327406526,28.4353578069614,0,0
-1.87221773743166,8.75653420701845,-1.78239274886239,23.7013374332764,14.93998114356,0,1
-2.04188733575797,5.36845397608834,1.71370874482091,28.7114505110153,28.18073386447,1,0
-1.24502315696583,5.62524073986685,-1.98488640397655,23.1264596712469,28.5207631919391,1,0
-1.19165271082425,9.03293182158619,4.21486519868654,17.7351437868076,28.8485144743267,1,0
-3.38429183606575,3.78569389324208,0.333764926384633,24.2608071094233,20.3048968602991,0,0
-1.31340140586054,7.91410121353466,0.611970763340741,23.7880667028737,25.8213328439567,0,0
5.70455711470929,11.6443027906552,0.66252330898065,33.0134203814138,23.4245567299169,1,0
-1.41586514853714,8.62224080412104,-0.0613817694311067,25.4123941726796,28.4502524829162,0,0
0.46882328508754,9.68338883839831,-0.481689187080034,29.6172815994124,24.9867414920751,1,0
3.1591327959639,7.45141753727385,7.73046780810523,18.3512332834896,14.7654801421594,0,0
1.6877450920875,14.1266413673537,8.98342032011794,17.3101274576612,35.127092330257,0,1
-3.09109817160811,6.22796701504287,-1.08259737558932,25.3834671493807,22.8300584449314,1,0
4.15322106608767,7.88724372890939,2.85675180142971,18.0147619423723,22.3608199995453,0,0
-3.88407670131652,5.65034768711076,3.84843148491515,18.7276095117508,28.2453696607127,0,0
6.85950213522035,13.3805795335947,0.563679452520804,31.7844140144456,35.0172385826441,0,0
2.7429357863842,11.236900942484,1.81517792003118,30.2714790921858,26.9842205726429,0,0
2.88193335862272,8.68902691570734,2.48880418859095,26.7255676207544,28.2724848507419,0,1
4.32162449509552,13.3844159846281,4.39366460113754,25.9055403410503,30.4648313611637,0,0
0.11037479580371,6.36976887603865,2.52900394746084,24.7517684628098,22.8111420633932,1,1
0.212186079013466,12.6149763587093,3.25044699692366,19.1088052559103,26.0001680066991,1,0
0.907027028177796,4.78879774175765,-0.0128423463158125,24.0142593265328,27.3053154453568,0,0
5.02976509913666,8.82082586419582,3.63533585782542,23.7772490544723,25.5822777196945,0,0
-0.284312588712697,4.66750028823741,0.650995625919486,29.4307173025882,19.6912595489858,0,0
0.954890180934623,10.0541353937138,6.11737434689757,18.5848488033746,27.9924791822291,0,1
10.2649912549823,11.0282132601855,2.61148074062006,17.1102874824501,31.183878665687,1,1
0.598512389677612,10.2762895635915,3.12674946253913,16.9597353539329,30.3910027746707,0,0
0.910764220493924,11.4608642423825,6.32712984554662,26.823257395123,22.2296417759289,0,1
6.55048547844686,14.2208936816235,4.31977349155815,24.3278700534466,29.1532317526522,1,0
-0.840787280753291,7.56085681224898,2.21245187179428,18.832354017095,19.1763420686872,0,0
-1.49559833781547,4.38391042040415,5.38643789628809,28.8428586443029,28.5005700478783,0,0
3.58872609862173,13.7100399960338,7.32149229279216,25.546293935139,22.4132784221561,1,0
3.09075429384098,12.8066895424118,4.82688574765689,17.046509219053,29.2102729767969,1,0
-3.27148262534278,7.83540149098484,1.43431274994532,28.6033218843652,20.0166778919268,0,1
0.471656071250342,8.37345151250972,2.23630055768252,14.4392710767918,30.4559431949555,0,0
4.59635082188312,11.3156272810707,4.03791437190486,24.8342875144686,25.8854468247924,0,0
0.487643028485442,11.2566756952291,0.534382816756056,24.4063600101808,29.7915756752777,0,0
3.11739688258405,13.1772161828067,0.48216622915241,21.9463583356406,27.3799810242988,0,1
0.899592044137831,10.3088731889647,5.0610513525721,24.8383341323893,30.9450363307182,0,0
7.64852649843958,14.0354857840235,6.08335140971686,25.3210889657881,20.730896490147,0,0
3.73372780024264,13.0261357721964,6.45071072260843,22.6036670183948,19.1559058263777,0,0
1.51644250945906,7.13574270230777,-5.13679905169396,25.4746733595696,24.8600993145982,0,0
-0.627056570572567,5.92815175348039,4.8699367171229,30.2610673013172,24.6655356864891,0,0
-0.622888135177647,9.69573980919335,8.2670401194907,20.0501917398025,23.5695064272419,0,0
2.79691806272085,10.0744791694418,1.60697010553511,27.0686119300318,22.825282593716,0,1
0.1434665651499,9.91683289603091,4.66043353476786,24.8221249319982,12.6189898589754,0,0
-0.588597214577042,6.90049415336947,2.03168922417827,27.6259260968705,21.0320001469027,0,1
1.10697170661103,9.67580111717239,7.52866503764051,22.2285541968035,21.7903913688651,1,0
-1.25043292969695,7.66766162178543,1.53203744677719,27.4589022156287,29.1243593534445,1,1
-4.46009404832471,9.04441273928665,-1.11393840180398,22.1564408470033,26.6414105320596,0,0
7.59255294503708,16.0428749989841,7.13648297386691,28.9829460227776,20.4816864541313,1,1
1.20702277857017,6.48746788413417,1.61190206580272,22.3754593820568,31.6691962780481,0,0
6.93567341255329,14.4940939530339,3.70561007011261,21.686887913198,28.8852283128466,0,0
-0.747511844976977,4.74841863939592,-2.38408349148247,21.6346818302599,26.9392860131549,0,1
-3.96300777417661,6.83962858709241,1.78511398878155,23.8060775563132,19.5681550800144,1,0
2.01232579261535,4.01023934321522,1.63682407365507,22.7387684264736,28.101839197279,0,1
-0.0130687062585166,12.5629788292486,11.6297921932024,20.2075892739052,39.0590111556741,0,0
1.55149437048125,10.7358356376763,5.73628101505606,19.5790764767121,21.5428543535129,1,1
2.23611805323484,7.82584688033768,0.895932756281435,25.4522100361998,23.0122032841836,0,0
-1.17573383777979,3.97350634996267,3.03305129961607,24.513597069714,26.647870303592,0,0
5.18051221181162,6.46565520822658,1.33560392481603,22.1330024791978,32.0629255573766,0,1
-3.04160208304092,4.4957410839519,-1.79758271956435,17.7863154836063,26.481548602566,1,0
3.83432268684847,10.5356049159429,2.52443909312644,19.7489795842775,39.4162238972591,0,0
0.389337046266122,8.12161703529534,2.42144715178716,19.6006877974565,26.671174577987,0,0
7.64586296096897,15.4015233800255,5.10398368224044,21.6244624814361,20.58041129945,0,0
5.16635927773248,12.7790930644992,4.79645537074416,19.037946217196,21.3661059777156,0,0
1.70996855446733,12.310686212021,2.9753122773563,20.7736187184858,35.3849807080233,0,1
5.68255770900389,10.1472132239316,-2.0518563832702,26.8287196323678,25.3508429925217,0,0
1.33343992849555,9.28149564546291,0.685044905067228,19.3720076286002,35.6405298983893,0,0
